llpa,dd217f40-e1eb-4c9b-ad3c-61ca3b83d768
deanle,15bf42a5-55f4-44db-8177-4057745ad87d
greelishaa,91c13254-53cd-45a2-a58a-7138d0d3091c
parafactor,5aab9de2-d6e2-4edd-9e9b-7fa3ebb739e2
zqnqx,5b7a1960-578e-40f9-8690-505da4df0c56
catsandflilip7,ec70fb66-4786-421e-a3d9-b1c2f31d2c43
xanyxerus,183757a4-2224-46e2-b634-2b436d00205f
zakaria11253,6a9f490e-d022-4474-a20f-d3fde3952a10
babyrushu,53b5c677-78e7-412c-8718-1bbc34d39ae6
skdu,ba8533ac-4430-452a-a79f-b3e50aae95bb
ulily,0f068c26-9b3c-445e-a96f-4d98fe6240be
baneofnoobs6,72b3a3d1-51f2-42e5-ab40-50e021a54ab4
diomandfinder101,6866fa8b-4b5b-454a-adce-6791c67fe6a2
dreamnaphalo,08b6e4c4-e5b8-4537-9248-03892384b06e
hawkcraft600,1c7fea81-15a1-4b55-bb25-611cbb7ac60c
gabswantsmilk,7844aadf-91e3-4cef-9eb6-42749837bd66
tax,2c5f00ba-902c-411b-b9b9-9261cf43aee1
disneycruiser1,872dc481-1cd3-449f-ab63-b520be5e889b
ancientbinary,b6f47b9a-dc79-44ff-9789-4b62a2db6ac9
cheaters_get_ban,29d4b66a-8e65-45c0-b14b-84ef95c79559
bleec,2e4f1c59-6142-48a0-928e-5785a7226240
bobderaa,3c226150-30e6-476b-8fa6-532067083448
sped_mode,df5522ee-70a5-4015-8d4d-75f7f04e6b45
bolz__,dbf2f94c-7324-42a2-824b-8f64444d8bf8
nepnep1,d8c95055-deca-4737-9f06-b8a8ea2fa6a0
pl4te,c7313780-0347-4c05-936c-4573da82b472
r0ckied,8729a551-4ce6-425f-8169-55e26df05e37
smartcookie888,98854fd6-756f-4d69-86f2-47b5acadd7dd
bobthajoe,3a79d004-0766-48b0-bf88-e99103a5b8fb
puzzlecatcher,09315816-54a0-4d7a-ab56-86983a386920
